<?xml version='1.0' encoding='utf-8'?>
<!DOCTYPE hibernate-configuration PUBLIC
        "-//Hibernate/Hibernate Configuration DTD//EN"
        "http://www.hibernate.org/dtd/hibernate-configuration-3.0.dtd">
<hibernate-configuration>
    <session-factory>
        <property name="hibernate.connection.url">jdbc:mysql://localhost:3306</property>
        <property name="hibernate.connection.driver_class">com.mysql.jdbc.Driver</property>
        <property name="hibernate.default_schema">jacket</property>
        <property name="hibernate.connection.username">kevin</property>
        <property name="hibernate.connection.password">p4ssw0rd</property>
        <property name="hibernate.dialect">org.hibernate.dialect.MySQLDialect</property>
        <!-- DB schema will be updated if needed -->
        <!-- <property name="hbm2ddl.auto">update</property> -->
    </session-factory>
</hibernate-configuration>